BOARD;CHANNEL;TIMETAG;ENERGY;ENERGYSHORT;FLAGS;X;Y;Z;INTERACTION TYPE
0;4;9845;0.259236;0;2;-116.794;9.21381;885.897;compt
0;4;9845;0.259236;0;2;-110.506;-2.07579;904.534;compt
0;7;9845;0.410422;0;1;9.26491;-129.702;956.541;compt
0;7;9845;0.410422;0;1;24.3284;-128.732;965.753;phot
0;5;30126;0.342978;0;1;16.2908;115.621;827.108;compt
0;6;30126;0.318019;0;3;106.383;17.1968;864.321;compt
0;6;30126;0.318019;0;3;112.238;-3.43054;864.246;compt
0;6;30126;0.318019;0;3;111.164;-1.00687;864.377;compt
0;6;30126;0.318019;0;3;113.865;-6.16579;861.682;phot
0;0;58734;0.285697;0;2;-49.9937;36.3479;469.096;compt
0;0;58734;0.285697;0;2;-32.7678;46.6407;484.788;compt
0;6;58734;0.0736466;0;1;162.479;-8.95818;819.144;compt
0;4;77268;0.387416;0;1;-131.998;26.802;923.018;compt
0;4;77268;0.387416;0;1;-129.872;35.1814;919.317;phot
0;5;77268;0.261692;0;1;-29.8819;128.381;829;compt
0;4;93031;0.302576;0;1;-148.942;28.3206;933.197;compt
0;4;93031;0.302576;0;1;-148.01;30.7085;935.392;phot
0;5;93031;0.265283;0;1;-21.7479;110.542;814.512;compt
0;2;99436;0.480873;0;2;41.3583;-32.5445;437.827;compt
0;2;99436;0.480873;0;2;49.1566;-38.9564;444.677;compt
0;3;99436;0.191266;0;0;34.5965;35.9607;450.377;phot
0;4;109105;0.307541;0;1;-132.72;-31.1181;949.878;compt
0;4;109105;0.307541;0;1;-127.644;-32.2694;948.094;phot
0;7;109105;0.372996;0;1;-25.4255;-111.965;948.387;compt
0;5;118363;0.292192;0;1;17.0074;108.01;823.866;compt
0;6;118363;0.360192;0;1;102.201;17.0535;893.053;compt
0;6;118363;0.360192;0;1;102.593;17.1433;892.373;phot
0;1;122793;0.15426;0;1;-49.83;-37.678;478.504;compt
0;6;122793;0.525165;0;1;154.893;14.5431;821.727;compt
0;6;122793;0.525165;0;1;155.384;13.5007;820.564;phot
0;4;128564;0.225502;0;0;-114.307;-24.9317;868.908;phot
0;7;128564;0.456562;0;1;-23.2556;-106.225;947.116;compt
0;0;156307;0.367116;0;1;-36.562;45.4767;436.256;compt
0;2;156307;0.309984;0;1;33.8368;-48.2519;460.782;compt
0;2;156307;0.309984;0;1;33.6146;-47.0223;457.802;phot
0;5;160555;0.547111;0;2;-31.2409;129.652;840.628;compt
0;5;160555;0.547111;0;2;-35.0205;131.278;846.699;compt
0;5;160555;0.547111;0;2;-24.6758;132.743;836.522;phot
0;2;160555;0.1326;0;1;39.2377;-55.5043;469.409;compt
0;0;165190;0.361514;0;1;-37.0596;43.3956;479.012;compt
0;0;165190;0.361514;0;1;-33.3977;41.9837;473.994;phot
0;3;165190;0.309184;0;2;51.0527;39.4487;446.684;compt
0;3;165190;0.309184;0;2;46.4184;45.7974;457.486;compt
0;2;241084;0.371847;0;1;48.7112;-32.9072;472.062;compt
0;3;241084;0.263274;0;1;49.7597;37.1048;483.855;compt
0;3;241084;0.263274;0;1;50.8052;33.2379;480.883;phot
0;4;242111;0.342526;0;1;-131.242;32.5834;840.312;compt
0;5;242111;0.312136;0;1;-10.4659;138.042;884.602;compt
0;5;242111;0.312136;0;1;-6.92691;139.171;894.025;phot
0;0;261336;0.385869;0;1;-43.3502;34.5415;442.684;compt
0;1;261336;0.270095;0;0;-38.0035;-39.1215;436.512;phot
0;6;300311;0.584749;0;2;118.831;-22.9633;847.721;compt
0;6;300311;0.584749;0;2;104.222;-0.490828;892.052;compt
0;6;300311;0.584749;0;2;104.414;-3.32008;891.07;phot
0;3;300311;0.0393719;0;1;42.1467;50.0375;465.369;compt
0;4;348288;0.0777038;0;2;-127.869;15.6483;933.203;compt
0;4;348288;0.0777038;0;2;-141.141;26.5575;939.987;compt
0;6;348288;0.3205;0;3;127.653;-29.562;825.01;compt
0;6;348288;0.3205;0;3;125.496;-25.3486;844.507;compt
0;6;348288;0.3205;0;3;116.484;-20.4286;847.626;compt
0;4;353968;0.192462;0;0;-120.758;1.62001;828.478;phot
0;5;353968;0.451122;0;1;29.8934;112.438;924.634;compt
0;5;355497;0.326391;0;2;27.3542;122.485;871.099;compt
0;5;355497;0.326391;0;2;32.4904;121.811;874.088;compt
0;6;355497;0.324556;0;0;108.345;9.24964;932.86;phot
0;5;375842;0.445532;0;3;-37.4248;133.039;847.952;compt
0;5;375842;0.445532;0;3;-29.285;120.819;863.707;compt
0;5;375842;0.445532;0;3;-29.565;116.781;860.702;compt
0;7;375842;0.16206;0;0;11.4272;-101.304;868.341;phot
0;0;398165;0.402817;0;1;-43.3753;36.7254;459.634;compt
0;1;398165;0.278928;0;0;-42.9492;-39.9688;447.626;phot
0;4;434495;0.318251;0;1;-116.252;-28.742;839.823;compt
0;6;434495;0.357001;0;1;134.152;-32.9528;952.906;compt
0;6;434495;0.357001;0;1;146.401;-16.1578;964.802;phot
0;6;451118;0.475442;0;2;97.6279;10.5031;957.134;compt
0;6;451118;0.475442;0;2;98.1075;10.6396;957.651;compt
0;7;451118;0.198896;0;0;16.4611;-101.73;934.203;phot
0;5;472364;0.293247;0;2;-0.396133;130.762;859.927;compt
0;5;472364;0.293247;0;2;-4.31017;119.097;870.14;compt
0;7;472364;0.127386;0;2;-9.46348;-98.6085;933.979;compt
0;7;472364;0.127386;0;2;2.40173;-124.891;965.903;compt
0;4;517256;0.277043;0;1;-99.9874;1.34722;831.725;compt
0;7;517256;0.39761;0;1;-25.09;-146.839;943.351;compt
0;7;517256;0.39761;0;1;-25.5699;-149.659;938.461;phot
0;6;535110;0.294924;0;2;118.36;30.5192;825.134;compt
0;6;535110;0.294924;0;2;110.955;25.6602;832.439;compt
0;7;535110;0.368585;0;1;18.2129;-117.938;891.165;compt
0;7;535110;0.368585;0;1;20.474;-113.577;890.072;phot
0;5;546589;0.386341;0;1;35.7784;121.547;836.534;compt
0;6;546589;0.143676;0;1;104.225;-11.5179;840.689;compt
0;5;552106;0.32739;0;0;22.4575;126.278;921.2;phot
0;6;552106;0.350631;0;1;135.906;32.3393;898.599;compt
0;5;555232;0.259182;0;1;16.4247;110.665;821.951;compt
0;6;555232;0.37213;0;1;106.682;-19.5699;931.88;compt
0;6;555232;0.37213;0;1;108.071;-21.2769;932.732;phot
0;2;600445;0.249645;0;0;33.6117;-38.3066;442.204;phot
0;3;600445;0.411668;0;1;41.3736;38.3246;463.032;compt
0;0;608434;0.391962;0;1;-36.1358;36.6732;460.998;compt
0;2;608434;0.0323545;0;2;39.716;-34.6346;469.22;compt
0;2;608434;0.0323545;0;2;54.2637;-42.5237;468.104;compt
0;4;611036;0.312826;0;2;-103.733;3.73233;832.95;compt
0;4;611036;0.312826;0;2;-103.395;4.60753;834.551;compt
0;5;611036;0.379553;0;2;-20.8506;128.875;841.666;compt
0;5;611036;0.379553;0;2;-21.1796;126.938;840.34;compt
0;5;611036;0.379553;0;2;-16.3281;127.526;835.295;phot
0;5;669655;0.360492;0;1;-8.83292;154.211;841.72;compt
0;7;669655;0.283941;0;0;25.8883;-112.189;899.71;phot
0;5;688809;0.249595;0;2;12.7809;124.531;903.368;compt
0;5;688809;0.249595;0;2;11.6644;125.75;901.986;compt
0;5;688809;0.249595;0;2;8.05969;130.953;900.38;phot
0;6;688809;0.410512;0;1;103.504;22.2553;924.978;compt
0;4;710685;0.454243;0;1;-101.619;19.3704;875.727;compt
0;5;710685;0.239132;0;0;-3.3006;111.542;834.038;phot
0;4;719953;0.362975;0;1;-122.712;-3.15588;959.83;compt
0;4;719953;0.362975;0;1;-119.924;-3.47423;958.927;phot
0;7;719953;0.288225;0;1;-2.15871;-100.424;877.272;compt
0;1;722996;0.314798;0;2;-35.8619;-49.5433;458.11;compt
0;1;722996;0.314798;0;2;-33.8341;-47.7309;461.005;compt
0;3;722996;0.19245;0;1;36.4908;38.6347;447.584;compt
0;3;722996;0.19245;0;1;36.5385;38.2948;449.86;phot
0;4;752902;0.369129;0;1;-129.598;26.9656;824.616;compt
0;6;752902;0.303851;0;0;111.544;-27.0503;895.471;phot
0;6;781641;0.317662;0;1;148.447;-31.0812;860.922;compt
0;7;781641;0.0517786;0;1;-14.74;-134.398;927.935;compt
0;5;816451;0.424774;0;1;33.5189;150.823;951.275;compt
0;5;816451;0.424774;0;1;31.3723;154.007;942.174;phot
0;6;816451;0.250775;0;2;119.086;3.50993;815.787;compt
0;6;816451;0.250775;0;2;118.738;5.16653;817.173;compt
0;0;829407;0.294413;0;1;-44.6788;32.8598;479.144;compt
0;0;829407;0.294413;0;1;-44.4293;36.6231;475.593;phot
0;3;829407;0.343017;0;1;36.3637;37.8655;453.413;compt
0;6;843283;0.393697;0;0;117.837;-27.3603;930.276;phot
0;7;843283;0.247549;0;1;9.33912;-126.335;816.545;compt
0;4;880804;0.352016;0;1;-99.5937;-11.5063;846.078;compt
0;7;880804;0.321371;0;1;-29.1551;-133.779;873.673;compt
0;7;880804;0.321371;0;1;-28.0582;-139.149;883.561;phot
0;4;891757;0.433872;0;1;-124.872;12.2866;826.074;compt
0;4;891757;0.433872;0;1;-121.66;15.9148;830.283;phot
0;1;891757;0.0880797;0;1;-43.2016;-40.7931;435.881;compt
0;6;898590;0.377397;0;1;147.466;-33.8826;830.177;compt
0;7;898590;0.27723;0;2;-11.4686;-98.4303;847.73;compt
0;7;898590;0.27723;0;2;-12.874;-100.564;847.64;compt
0;7;898590;0.27723;0;2;-11.9956;-103.494;850.337;phot
0;0;899131;0.0397437;0;1;-31.52;41.4947;463.037;compt
0;1;899131;0.16082;0;1;-42.5698;-36.2169;481.184;compt
0;1;899131;0.16082;0;1;-41.3373;-36.0783;480.712;phot
0;5;965826;0.311749;0;1;-32.3392;119.637;927.064;compt
0;5;965826;0.311749;0;1;-32.5111;117.829;927.803;phot
0;7;965826;0.354697;0;2;-32.0068;-115.582;820.293;compt
0;7;965826;0.354697;0;2;-21.7668;-103.612;827.621;compt
0;5;1000928;0.327938;0;1;-4.50087;106.24;835.735;compt
0;6;1000928;0.0533559;0;1;100.496;11.5539;875.91;compt
0;4;1019210;0.327288;0;1;-96.2383;1.01389;922.553;compt
0;4;1019210;0.327288;0;1;-99.205;6.54752;922.512;phot
0;6;1019210;0.338598;0;1;144.223;17.7949;821.585;compt
0;6;1069894;0.356992;0;0;136.999;-34.6277;842.637;phot
0;3;1069894;0.0100515;0;1;37.2341;38.6656;451.757;compt
0;0;1119062;0.403682;0;1;-46.2876;41.122;447.07;compt
0;2;1119062;0.257953;0;1;37.3433;-49.9142;437.356;compt
0;2;1119062;0.257953;0;1;37.9693;-44.071;435.801;phot
0;4;1165501;0.283073;0;0;-107.253;-5.02609;849.773;phot
0;6;1165501;0.400618;0;4;143.047;34.716;821.719;compt
0;6;1165501;0.400618;0;4;149.877;21.9656;840.1;compt
0;6;1165501;0.400618;0;4;147.614;11.2708;852.267;compt
0;6;1165501;0.400618;0;4;120.921;7.06442;909.312;compt
0;4;1181173;0.257003;0;1;-96.5511;-1.10957;926.573;compt
0;4;1181173;0.257003;0;1;-101.474;-0.78008;933.383;phot
0;5;1181173;0.309282;0;1;-14.6824;133.088;847.848;compt
0;4;1189212;0.146388;0;0;-120.927;-33.4267;883.316;phot
0;6;1189212;0.237491;0;2;114.761;-9.20801;837.199;compt
0;6;1189212;0.237491;0;2;118.682;-29.1924;855.596;compt
0;0;1219846;0.186032;0;0;-43.2095;34.4947;452.761;phot
0;1;1219846;0.488335;0;3;-36.7892;-36.3329;435.385;compt
0;1;1219846;0.488335;0;3;-45.2631;-35.7522;467.731;compt
0;1;1219846;0.488335;0;3;-45.2711;-35.7462;467.718;compt
0;5;1233192;0.323648;0;1;12.2781;107.129;830.954;compt
0;6;1233192;0.33622;0;1;164.369;4.57796;875.602;compt
0;6;1233192;0.33622;0;1;166.641;6.55489;873.419;phot
0;6;1240887;0.260348;0;1;110.293;2.9058;831.873;compt
0;7;1240887;0.355765;0;0;4.71349;-99.6505;914.396;phot
0;4;1247250;0.513222;0;5;-105.838;-24.8714;844.144;compt
0;4;1247250;0.513222;0;5;-105.719;-21.1589;858.077;compt
0;4;1247250;0.513222;0;5;-107.194;-17.8336;859.409;compt
0;4;1247250;0.513222;0;5;-107.008;-17.7975;859.288;compt
0;4;1247250;0.513222;0;5;-101.583;-18.1028;855.869;compt
0;7;1247250;0.148004;0;0;-27.9471;-119.737;842.703;phot
0;1;1260526;0.356921;0;1;-33.5248;-49.094;454.803;compt
0;2;1260526;0.0237762;0;1;41.9332;-56.3387;463.183;compt
0;5;1267385;0.344685;0;0;13.1157;101.67;945.69;phot
0;6;1267385;0.230189;0;1;150.407;13.9051;859.629;compt
0;0;1275394;0.0197128;0;1;-37.5081;47.902;445.659;compt
0;5;1275394;0.222389;0;2;9.76475;106.92;815.517;compt
0;5;1275394;0.222389;0;2;2.65295;98.4886;827.672;compt
0;5;1320295;0.330811;0;1;6.93572;100.202;821.885;compt
0;6;1320295;0.383413;0;0;106.65;-4.20934;882.508;phot
0;4;1321338;0.303269;0;2;-105.764;1.88595;871.11;compt
0;4;1321338;0.303269;0;2;-110.96;2.13488;868.518;compt
0;4;1321338;0.303269;0;2;-116.374;-14.0574;846.647;phot
0;6;1321338;0.379909;0;1;99.2253;1.11315;852.918;compt
0;4;1327034;0.255962;0;1;-106.253;6.43686;846.079;compt
0;5;1327034;0.411362;0;2;-14.1176;128.399;958.685;compt
0;5;1327034;0.411362;0;2;-13.991;123.814;960.814;compt
0;5;1327034;0.411362;0;2;-15.3116;122.404;961.024;phot
0;4;1332462;0.321086;0;2;-108.19;16.9389;819.187;compt
0;4;1332462;0.321086;0;2;-106.373;17.4682;820.282;compt
0;6;1332462;0.326772;0;0;119.044;-0.720483;845.357;phot
0;6;1351646;0.33521;0;0;112.385;4.6281;874.93;phot
0;7;1351646;0.320543;0;1;26.7227;-108.93;827.905;compt
0;4;1354908;0.0497841;0;1;-148.596;-22.7142;958.584;compt
0;5;1354908;0.253151;0;1;0.113283;96.679;822.462;compt
0;6;1355040;0.358882;0;1;129.988;-11.1262;885.341;compt
0;6;1355040;0.358882;0;1;112.62;-6.48768;880.698;phot
0;7;1355040;0.32596;0;1;1.92778;-96.205;824.729;compt
0;5;1359876;0.270387;0;0;18.4069;101.789;895.544;phot
0;7;1359876;0.298759;0;1;1.39014;-96.1025;939.106;compt
0;0;1373348;0.126154;0;1;-46.4964;36.3464;484.297;compt
0;7;1373348;0.569953;0;0;20.7744;-127.903;817.699;phot
0;1;1375532;0.0101528;0;1;-33.3992;-49.0592;435.937;compt
0;7;1375532;0.661879;0;3;0.240642;-136.711;827.24;compt
0;7;1375532;0.661879;0;3;0.0437018;-135.251;827.291;compt
0;7;1375532;0.661879;0;3;-1.61054;-135.391;826.344;compt
0;7;1375532;0.661879;0;3;-1.98302;-129.694;819.452;phot
0;4;1375699;0.391739;0;0;-115.154;-25.4337;913.972;phot
0;7;1375699;0.28181;0;2;-9.33203;-122.714;855.427;compt
0;7;1375699;0.28181;0;2;-9.62662;-120.641;864.678;compt
0;5;1379839;0.528905;0;2;1.82956;99.0652;895.885;compt
0;5;1379839;0.528905;0;2;1.01681;98.8499;894.687;compt
0;6;1379839;0.126909;0;0;109.449;20.2008;927.585;phot
0;1;1388740;0.431222;0;1;-33.4764;-37.2809;467.847;compt
0;2;1388740;0.224061;0;0;41.9812;-43.464;445.888;phot
0;5;1391871;0.41189;0;2;-12.5972;125.24;852.678;compt
0;5;1391871;0.41189;0;2;-30.7299;114.63;851.215;compt
0;6;1391871;0.138011;0;0;101.223;-7.082;858.031;phot
0;6;1430079;0.368628;0;1;127.984;-20.1435;825.509;compt
0;7;1430079;0.260031;0;0;35.9207;-131.462;826.835;phot
0;6;1437460;0.646679;0;0;157.173;-0.759283;869.648;phot
0;3;1437460;0.0134932;0;2;48.0328;34.6891;438.735;compt
0;3;1437460;0.0134932;0;2;49.44;34.4168;455.054;compt
0;5;1462353;0.375211;0;0;1.23542;143.249;953.775;phot
0;6;1462353;0.260635;0;1;147.183;-29.2345;815.495;compt
0;6;1465656;0.355274;0;1;103.553;-12.7243;865.694;compt
0;6;1465656;0.355274;0;1;102.025;-14.743;864.438;phot
0;7;1465656;0.150972;0;1;28.1832;-142.157;820.848;compt
0;4;1505797;0.16853;0;1;-102.799;-21.2492;880.515;compt
0;4;1505797;0.16853;0;1;-103.604;-21.3727;880.297;phot
0;5;1505797;0.342633;0;2;-12.4183;110.833;824.062;compt
0;5;1505797;0.342633;0;2;-2.84532;104.331;827.156;compt
0;6;1505797;0.172582;0;1;106.857;24.396;895.77;compt
0;4;1506135;0.260684;0;0;-135.07;36.1586;843.681;phot
0;5;1506135;0.402722;0;3;-0.460278;109.697;816.926;compt
0;5;1506135;0.402722;0;3;-2.57581;112.94;820.495;compt
0;5;1506135;0.402722;0;3;-32.5997;130.169;824.79;compt
0;5;1538687;0.402213;0;2;17.3582;167.407;848.671;compt
0;5;1538687;0.402213;0;2;10.4217;149.42;864.708;compt
0;6;1538687;0.24614;0;2;133.506;1.88248;841.945;compt
0;6;1538687;0.24614;0;2;136.003;0.602276;844.543;compt
0;6;1538687;0.24614;0;2;134.26;1.35539;843.651;phot
0;5;1544803;0.275801;0;1;-7.99665;133.293;830.219;compt
0;6;1544803;0.33876;0;1;104.234;10.4473;920.935;compt
0;6;1544803;0.33876;0;1;104.528;11.0325;920.639;phot
0;0;1560253;0.0375404;0;1;-46.6402;53.6227;475.952;compt
0;5;1560253;0.449936;0;3;4.07081;121.98;826.662;compt
0;5;1560253;0.449936;0;3;4.58687;119.811;830.463;compt
0;5;1560253;0.449936;0;3;25.6495;122.22;834.235;compt
0;4;1563722;0.361088;0;0;-128.131;11.9686;948.861;phot
0;5;1563722;0.278535;0;1;-31.5633;126.503;873.634;compt
0;2;1574114;0.0429342;0;1;38.2486;-42.2383;477.334;compt
0;7;1574114;0.618007;0;3;-31.7882;-147.561;861.626;compt
0;7;1574114;0.618007;0;3;-16.9346;-153.21;871.796;compt
0;7;1574114;0.618007;0;3;-10.3429;-144.268;870.463;compt
0;7;1574114;0.618007;0;3;-11.4852;-145.245;869.095;phot
0;6;1616934;0.282766;0;0;108.403;7.28573;873.516;phot
0;7;1616934;0.344486;0;1;-23.6176;-104.325;838.277;compt
0;0;1625066;0.26851;0;1;-31.9351;46.4979;479.23;compt
0;3;1625066;0.245588;0;2;44.4831;34.6223;445.748;compt
0;3;1625066;0.245588;0;2;39.6432;37.3438;453.601;compt
0;5;1625125;0.046678;0;1;29.9315;156.582;815.177;compt
0;6;1625125;0.433738;0;1;118.167;0.229311;884.606;compt
0;6;1625125;0.433738;0;1;118.419;0.305161;887.538;phot
0;4;1626392;0.41078;0;0;-138.502;6.76384;900.532;phot
0;7;1626392;0.218006;0;3;-2.93022;-168.505;834.569;compt
0;7;1626392;0.218006;0;3;-2.95904;-168.447;834.733;compt
0;7;1626392;0.218006;0;3;-30.8856;-135.875;872.017;compt
0;5;1690453;0.346506;0;1;-11.6074;129.448;841.567;compt
0;7;1690453;0.29179;0;1;-7.15286;-143.961;885.654;compt
0;7;1690453;0.29179;0;1;-7.26716;-167.071;904.095;phot
0;4;1698984;0.0787763;0;1;-98.0039;9.42266;843.085;compt
0;6;1698984;0.135531;0;0;112.702;-28.6071;888.173;phot
0;5;1708780;0.408508;0;1;24.1678;117.699;858.813;compt
0;7;1708780;0.238459;0;1;6.16522;-104.458;823.35;compt
0;7;1708780;0.238459;0;1;6.1936;-104.182;823.089;phot
0;4;1724488;0.409072;0;2;-108.741;-13.6743;814.229;compt
0;4;1724488;0.409072;0;2;-100.104;6.57958;818.489;compt
0;5;1724488;0.279059;0;1;-14.1815;117.189;964.98;compt
0;5;1724488;0.279059;0;1;-14.2292;117.127;964.996;phot
0;4;1728642;0.348739;0;2;-114.211;10.7886;902.271;compt
0;4;1728642;0.348739;0;2;-115.077;11.6993;902.209;compt
0;4;1728642;0.348739;0;2;-119.464;24.5327;899.364;phot
0;7;1728642;0.313769;0;1;-31.3412;-151.778;822.538;compt
0;5;1741986;0.150359;0;0;23.0621;110.098;862.763;phot
0;6;1741986;0.537205;0;2;139.999;35.8735;815.166;compt
0;6;1741986;0.537205;0;2;142.461;36.6748;814.733;compt
0;4;1762598;0.320526;0;0;-140.053;-2.42234;889.577;phot
0;7;1762598;0.324856;0;1;28.7528;-111.676;820.16;compt
0;0;1762862;0.284953;0;3;-47.6886;45.2267;457.877;compt
0;0;1762862;0.284953;0;3;-47.5086;48.3598;457.161;compt
0;0;1762862;0.284953;0;3;-39.5513;42.687;460.63;compt
0;0;1762862;0.284953;0;3;-37.1382;43.5332;462.466;phot
0;2;1762862;0.377751;0;1;37.676;-37.4292;446.127;compt
0;0;1765063;0.259414;0;0;-33.9967;41.7122;448.055;phot
0;3;1765063;0.300486;0;1;41.2318;39.3045;441.963;compt
0;0;1765129;0.371767;0;1;-47.942;32.0303;476.394;compt
0;1;1765129;0.0801498;0;1;-43.4392;-36.906;460.497;compt
0;5;1775571;0.323439;0;3;-37.3496;127.75;849.834;compt
0;5;1775571;0.323439;0;3;-37.2957;134.759;845.787;compt
0;5;1775571;0.323439;0;3;-37.095;134.968;845.407;compt
0;5;1775571;0.323439;0;3;-36.2193;139.723;843.228;phot
0;6;1775571;0.229525;0;2;106.287;-2.6313;840.758;compt
0;6;1775571;0.229525;0;2;100.875;0.681139;847.221;compt
0;4;1790199;0.296644;0;1;-127.082;26.3488;843.678;compt
0;4;1790199;0.296644;0;1;-129.772;27.4258;839.353;phot
0;5;1790199;0.356011;0;1;-22.5945;124.285;818.461;compt
0;4;1800317;0.238242;0;2;-110.996;-17.9924;841.914;compt
0;4;1800317;0.238242;0;2;-110.954;-19.4822;846.358;compt
0;7;1800317;0.422945;0;4;-14.2394;-122.164;920.454;compt
0;7;1800317;0.422945;0;4;-11.9337;-123.055;920.145;compt
0;7;1800317;0.422945;0;4;-14.8763;-123.73;919.379;compt
0;7;1800317;0.422945;0;4;-22.656;-126.6;911.93;compt
0;7;1800317;0.422945;0;4;-22.3881;-124.894;908.12;phot
0;5;1841112;0.383005;0;1;21.2451;120.178;832.788;compt
0;6;1841112;0.227646;0;1;134.347;30.2909;829.886;compt
0;6;1841112;0.227646;0;1;134.656;29.6764;829.429;phot
0;4;1869260;0.334977;0;0;-150.023;-26.4255;881.711;phot
0;7;1869260;0.333472;0;1;-10.5873;-148.534;826.966;compt
0;5;1878950;0.572916;0;1;35.8849;142.591;863.211;compt
0;5;1878950;0.572916;0;1;24.8417;145.118;846.641;phot
0;4;1879674;0.302166;0;2;-129.197;27.7635;821.566;compt
0;4;1879674;0.302166;0;2;-131.308;25.8885;833.447;compt
0;7;1879674;0.385393;0;1;-25.1343;-125.612;925.386;compt
0;7;1879674;0.385393;0;1;-25.3985;-128.037;925.407;phot
0;4;1888365;0.210386;0;0;-99.7431;-4.62219;858.608;phot
0;3;1888365;0.427124;0;2;37.4288;45.8763;448.45;compt
0;3;1888365;0.427124;0;2;32.3164;39.5928;455.183;compt
0;0;1940068;0.260801;0;0;-45.0985;40.5549;437.139;phot
0;3;1940068;0.267539;0;1;35.0066;50.3594;438.514;compt
0;6;1942540;0.403005;0;1;133.118;-36.4093;844.121;compt
0;7;1942540;0.254151;0;0;-4.62455;-118.237;830.034;phot
0;4;1951023;0.41;0;2;-130.918;37.3267;830.427;compt
0;4;1951023;0.41;0;2;-131.448;35.5999;831.865;compt
0;5;1951023;0.242325;0;1;-15.0177;118.575;956.19;compt
0;5;1951023;0.242325;0;1;-17.8838;110.035;957.438;phot
0;0;1969586;0.0312565;0;1;-40.7999;34.8682;450.016;compt
0;5;1969586;0.0736773;0;1;16.2211;166.648;834.111;compt
0;4;2012633;0.387774;0;1;-140.501;8.1546;913.854;compt
0;4;2012633;0.387774;0;1;-138.057;10.1609;914.42;phot
0;5;2012633;0.275528;0;1;-31.1924;121.054;825.189;compt
0;4;2049211;0.304841;0;1;-105.374;9.17397;934.515;compt
0;5;2049211;0.213565;0;0;-11.4635;103.101;916.948;phot
0;0;2066061;0.318158;0;2;-45.3777;32.3127;459.609;compt
0;0;2066061;0.318158;0;2;-32.1254;44.9127;479.565;compt
0;7;2066061;0.335518;0;3;29.5236;-114.531;863.652;compt
0;7;2066061;0.335518;0;3;-0.991587;-129.801;899.623;compt
0;7;2066061;0.335518;0;3;-25.6103;-137.307;924.13;compt
0;7;2066061;0.335518;0;3;-24.8973;-138.011;922.656;phot
0;5;2071901;0.358113;0;0;14.2387;109.91;851.626;phot
0;6;2071901;0.307542;0;2;149.913;19.7678;817.98;compt
0;6;2071901;0.307542;0;2;127.082;33.4903;840.699;compt
0;2;2072692;0.0235555;0;1;52.1542;-35.1324;451.098;compt
0;7;2072692;0.254298;0;1;23.6186;-146.47;885.841;compt
0;4;2073644;0.351321;0;1;-97.4488;1.74537;922.033;compt
0;7;2073644;0.313187;0;0;-22.0125;-113.408;945.524;phot
0;4;2109451;0.383337;0;1;-123.879;6.24336;835.031;compt
0;7;2109451;0.28905;0;1;-28.0011;-118.258;848.89;compt
0;7;2109451;0.28905;0;1;-24.3825;-122.986;848.727;phot
0;5;2125661;0.463907;0;1;33.7533;144.588;938.233;compt
0;6;2125661;0.2012;0;1;96.749;-2.59936;837.716;compt
0;6;2125661;0.2012;0;1;99.5623;-4.74546;830.261;phot
0;4;2150281;0.409993;0;1;-108.544;-9.78937;861.548;compt
0;7;2150281;0.269381;0;0;1.11804;-130.816;829.268;phot
0;2;2160285;0.339755;0;1;47.736;-45.6983;436.564;compt
0;3;2160285;0.282664;0;1;38.735;35.5864;452.316;compt
0;3;2160285;0.282664;0;1;37.417;33.5491;455.724;phot
0;4;2161700;0.26268;0;2;-126.872;-11.0976;818.569;compt
0;4;2161700;0.26268;0;2;-133.56;-14.5191;825.88;compt
0;1;2161700;0.0138789;0;1;-43.9061;-32.2829;462.083;compt
0;5;2161715;0.325663;0;1;16.9012;102.033;884.603;compt
0;6;2161715;0.348703;0;0;125.462;5.21229;931.896;phot
0;5;2178654;0.354517;0;2;25.9751;159.519;914.641;compt
0;5;2178654;0.354517;0;2;1.30663;147.905;927.462;compt
0;5;2178654;0.354517;0;2;0.52542;149.261;927.109;phot
0;6;2178654;0.321278;0;1;146.405;9.96889;842.587;compt
0;5;2207756;0.371594;0;1;29.1011;122.966;814.428;compt
0;6;2207756;0.314986;0;0;96.5429;5.61647;840.49;phot
0;4;2228521;0.244679;0;0;-116.123;9.30227;825.179;phot
0;5;2228521;0.425967;0;1;16.3381;102.996;839.642;compt
0;4;2239605;0.236847;0;0;-99.065;-6.6194;879.539;phot
0;7;2239605;0.414262;0;1;-23.9135;-131.585;856.327;compt
0;4;2276011;0.550015;0;0;-121.926;29.7439;885.935;phot
0;2;2276011;0.103742;0;1;52.0267;-41.9751;440.812;compt
0;6;2312004;0.328342;0;1;129.609;-33.647;817.649;compt
0;7;2312004;0.313095;0;0;20.1824;-108.119;862.712;phot
0;6;2333584;0.184483;0;3;100.761;0.775637;939.268;compt
0;6;2333584;0.184483;0;3;100.473;0.877719;938.409;compt
0;6;2333584;0.184483;0;3;96.3595;5.65004;928.941;compt
0;7;2333584;0.297611;0;1;-6.58187;-96.6464;879.051;compt
0;4;2364618;0.228748;0;2;-155.036;9.70036;819.99;compt
0;4;2364618;0.228748;0;2;-142.703;34.2074;874.705;compt
0;5;2364618;0.114186;0;1;-9.3147;158.626;960.779;compt
0;6;2374982;0.351363;0;2;102.598;-20.5155;864.668;compt
0;6;2374982;0.351363;0;2;104.021;-17.2121;874.811;compt
0;7;2374982;0.0671341;0;2;5.08841;-121.911;947.785;compt
0;7;2374982;0.0671341;0;2;-13.3371;-135.166;964.744;compt
0;5;2382664;0.312442;0;1;22.4555;104.228;873.587;compt
0;6;2382664;0.365462;0;1;96.6348;-0.224912;938.741;compt
0;6;2382664;0.365462;0;1;117.03;-7.09668;937.894;phot
0;4;2389318;0.302533;0;1;-102.595;7.09184;852.834;compt
0;4;2389318;0.302533;0;1;-107.724;3.78505;848.525;phot
0;7;2389318;0.370783;0;1;-8.91158;-107.185;837.646;compt
0;5;2404168;0.316308;0;2;-3.81063;125.012;937.717;compt
0;5;2404168;0.316308;0;2;-6.70955;116.581;944.721;compt
0;5;2404168;0.316308;0;2;-7.85345;114.629;946.992;phot
0;6;2404168;0.341059;0;2;127.096;-24.6578;905.635;compt
0;6;2404168;0.341059;0;2;131.113;-13.6545;925.351;compt
0;5;2409862;0.263659;0;1;-16.394;134.143;965.939;compt
0;5;2409862;0.263659;0;1;-21.225;134.755;964.718;phot
0;7;2409862;0.390561;0;1;-10.4947;-99.2853;964.456;compt
0;7;2413017;0.133564;0;3;36.8155;-129.64;933.241;compt
0;7;2413017;0.133564;0;3;36.2312;-129.647;933.132;compt
0;7;2413017;0.133564;0;3;37.0161;-128.509;934.001;compt
0;4;2428146;0.269179;0;2;-105.351;21.3529;860.314;compt
0;4;2428146;0.269179;0;2;-104.5;22.4992;861.27;compt
0;5;2428146;0.402583;0;2;-30.4712;124.769;919.767;compt
0;5;2428146;0.402583;0;2;-12.186;112.355;927.009;compt
0;5;2428146;0.402583;0;2;-13.8981;111.298;928.61;phot
0;4;2450263;0.357522;0;1;-97.9521;-6.58557;907.489;compt
0;4;2450263;0.357522;0;1;-111.809;-3.82357;919.3;phot
0;7;2450263;0.280183;0;3;-19.2312;-116.473;904.307;compt
0;7;2450263;0.280183;0;3;-21.7954;-111.672;912.243;compt
0;7;2450263;0.280183;0;3;-25.1182;-110.009;914.366;compt
0;1;2461174;0.10669;0;1;-31.979;-45.8004;461.113;compt
0;6;2461174;0.548797;0;2;132.28;-0.60806;833.045;compt
0;6;2461174;0.548797;0;2;135.446;7.81803;850.032;compt
0;6;2461174;0.548797;0;2;145.016;21.3805;854.208;phot
0;4;2467932;0.44032;0;1;-137.13;37.2611;915.588;compt
0;5;2467932;0.245414;0;0;-23.2978;137.401;854.38;phot
0;5;2481291;0.321823;0;0;26.1582;117.501;965.86;phot
0;7;2481291;0.350926;0;1;-0.126479;-102.828;931.864;compt
0;4;2485134;0.374393;0;1;-104.608;-23.7579;943.928;compt
0;7;2485134;0.268606;0;0;-1.93433;-124.494;935.808;phot
0;5;2496879;0.261546;0;1;13.0783;113.378;817.902;compt
0;6;2496879;0.411192;0;0;112.959;11.7619;914.447;phot
0;6;2520457;0.146273;0;0;102.617;-21.3398;851.207;phot
0;7;2520457;0.517536;0;2;-6.87889;-99.7878;932.302;compt
0;7;2520457;0.517536;0;2;-7.95862;-100.287;931.458;compt
0;1;2553424;0.197168;0;1;-41.4301;-51.9702;452.084;compt
0;2;2553424;0.271104;0;3;43.7233;-54.2763;435.493;compt
0;2;2553424;0.271104;0;3;40.6614;-54.2662;438.391;compt
0;2;2553424;0.271104;0;3;40.0929;-54.395;438.652;compt
0;2;2555403;0.232427;0;0;49.2967;-44.9172;453.829;phot
0;3;2555403;0.411902;0;1;40.9311;32.7568;482.882;compt
0;4;2556353;0.104436;0;1;-117.385;-2.24722;962.866;compt
0;5;2556353;0.339829;0;1;15.3558;102.056;927.426;compt
0;5;2591732;0.616771;0;2;-12.5004;117.334;902.289;compt
0;5;2591732;0.616771;0;2;-12.3587;118.234;903.564;compt
0;5;2591732;0.616771;0;2;-34.186;139.031;896.513;phot
0;1;2591732;0.0813494;0;1;-48.2597;-34.1011;437.049;compt
0;4;2602617;0.324729;0;1;-105.456;16.1277;827.474;compt
0;6;2602617;0.324556;0;1;102.015;-18.7383;891.323;compt
0;6;2602617;0.324556;0;1;102.467;-19.9166;892.763;phot
0;5;2604363;0.544642;0;1;-5.2651;101.355;871.304;compt
0;5;2604363;0.544642;0;1;-19.3294;104.601;884.124;phot
0;1;2604363;0.129403;0;2;-51.6943;-50.2642;446.433;compt
0;1;2604363;0.129403;0;2;-49.1166;-36.4576;474.56;compt
0;4;2631977;0.322957;0;1;-105.634;15.738;909.546;compt
0;4;2631977;0.322957;0;1;-108.431;10.4526;921.197;phot
0;6;2631977;0.355928;0;1;134.376;18.3696;823.655;compt
0;5;2644164;0.575441;0;3;7.2631;130.955;826.983;compt
0;5;2644164;0.575441;0;3;8.74912;134.283;827.799;compt
0;5;2644164;0.575441;0;3;8.65702;131.153;830.295;compt
0;5;2644164;0.575441;0;3;10.0427;130.805;830.429;phot
0;1;2644164;0.0867955;0;1;-42.8606;-33.7422;438.015;compt
0;5;2644689;0.100177;0;2;-7.42184;99.542;882.444;compt
0;5;2644689;0.100177;0;2;-7.85744;99.3293;882.278;compt
0;6;2644689;0.330084;0;1;134.658;19.9542;816.616;compt
0;5;2704915;0.507881;0;3;1.15171;96.4558;904.566;compt
0;5;2704915;0.507881;0;3;1.46654;96.6134;905.581;compt
0;5;2704915;0.507881;0;3;1.55314;98.6524;905.623;compt
0;6;2704915;0.150282;0;0;106.217;12.0617;876.834;phot
0;1;2728327;0.0151432;0;1;-48.2907;-40.126;457.657;compt
0;7;2728327;0.64752;0;0;-29.0221;-123.323;841.57;phot
0;5;2734709;0.491188;0;1;20.4888;137.737;937.123;compt
0;5;2734709;0.491188;0;1;20.7299;137.639;937.287;phot
0;6;2734709;0.113834;0;1;103.504;10.9752;818.937;compt
0;5;2743079;0.242518;0;2;6.20087;103.124;881.357;compt
0;5;2743079;0.242518;0;2;6.48639;103.063;881.319;compt
0;5;2743079;0.242518;0;2;6.17932;105.088;881.944;phot
0;6;2743079;0.183012;0;2;96.2342;-3.40377;897.291;compt
0;6;2743079;0.183012;0;2;96.3602;-3.12821;897.352;compt
0;4;2768444;0.213109;0;2;-98.4054;12.5254;952.078;compt
0;4;2768444;0.213109;0;2;-101.445;14.2734;960.58;compt
0;4;2768444;0.213109;0;2;-105.148;9.54144;965.68;phot
0;5;2768444;0.205429;0;1;-36.9175;124.98;843.508;compt
0;5;2812523;0.31858;0;1;25.4653;120.382;814.982;compt
0;6;2812523;0.330524;0;0;108.694;21.6855;864.359;phot
0;6;2833950;0.359429;0;1;104.365;-19.6995;872.507;compt
0;7;2833950;0.303477;0;1;15.7806;-121.58;906.876;compt
0;7;2833950;0.303477;0;1;15.1527;-122.152;908.301;phot
0;4;2848213;0.539192;0;0;-145.059;-32.4352;816.113;phot
0;2;2848213;0.116276;0;1;42.1283;-50.8128;443.369;compt
0;4;2879844;0.316902;0;0;-128.616;-26.8769;911.632;phot
0;7;2879844;0.338673;0;1;7.22933;-97.7112;874.157;compt
0;5;2935219;0.0666773;0;1;16.5313;110.828;814.567;compt
0;6;2935219;0.215593;0;2;104.134;23.5099;848.718;compt
0;6;2935219;0.215593;0;2;106.347;21.6942;849.927;compt
0;6;2935219;0.215593;0;2;96.1363;-2.00083;844.672;phot
0;5;2977550;0.451131;0;1;6.74052;157.41;815.36;compt
0;3;2977550;0.0166182;0;2;34.7335;39.7871;455.654;compt
0;3;2977550;0.0166182;0;2;34.5404;40.5073;458.947;compt
0;0;3017765;0.425354;0;1;-49.6188;37.493;450.759;compt
0;1;3017765;0.241326;0;0;-44.5551;-49.6086;440.375;phot
0;6;3020456;0.304183;0;0;160.243;-27.208;909.233;phot
0;7;3020456;0.17399;0;1;5.39299;-106.818;829.796;compt
0;5;3022051;0.335868;0;1;-7.47945;99.3502;920.917;compt
0;5;3022051;0.335868;0;1;-8.34184;103.764;921.592;phot
0;6;3022051;0.329223;0;1;148.06;32.6374;845.133;compt
0;5;3036298;0.324583;0;2;7.89973;133.387;928.271;compt
0;5;3036298;0.324583;0;2;1.22186;125.381;939.083;compt
0;7;3036298;0.345911;0;0;1.4759;-125.652;958.399;phot
0;4;3074790;0.270397;0;1;-111.844;-2.04527;824.393;compt
0;7;3074790;0.00554286;0;1;-1.92518;-148.004;963.239;compt
0;5;3086199;0.267333;0;1;1.63964;118.27;819.533;compt
0;6;3086199;0.179909;0;1;98.7397;1.44473;911.109;compt
0;4;3088840;0.291233;0;1;-98.053;-4.80133;885.846;compt
0;7;3088840;0.11722;0;1;-12.0535;-98.0124;956.85;compt
0;4;3131273;0.355646;0;1;-103.319;18.0855;858.528;compt
0;6;3131273;0.169475;0;0;130.436;12.6509;830.843;phot
0;5;3136955;0.245404;0;2;-14.1969;155.871;816.097;compt
0;5;3136955;0.245404;0;2;17.7877;134.607;865.982;compt
0;6;3136955;0.438653;0;2;105.216;0.468032;938.864;compt
0;6;3136955;0.438653;0;2;98.8484;-2.99924;938.783;compt
0;6;3136955;0.438653;0;2;97.8758;-3.35676;938.505;phot
0;7;3152898;0.434846;0;0;28.6219;-109.583;826.31;phot
0;6;3167923;0.280688;0;1;100.979;-4.94241;855.466;compt
0;6;3167923;0.280688;0;1;100.379;-4.82522;854.653;phot
0;7;3167923;0.386771;0;1;29.7819;-114.067;855.669;compt
0;1;3168069;0.0737205;0;1;-55.826;-42.0893;462.397;compt
0;7;3168069;0.133191;0;1;29.5258;-155.996;837.258;compt
0;4;3196010;0.377043;0;1;-130.812;31.0609;834.696;compt
0;5;3196010;0.285712;0;1;-33.4868;134.643;830.955;compt
0;5;3196010;0.285712;0;1;-34.0312;134.295;831.696;phot
0;4;3239803;0.215106;0;2;-99.8372;-2.43116;873.207;compt
0;4;3239803;0.215106;0;2;-98.0326;-4.47475;874.486;compt
0;6;3239803;0.310993;0;2;151.448;28.7177;832.897;compt
0;6;3239803;0.310993;0;2;133.722;28.3854;865.996;compt
0;6;3244037;0.3194;0;0;97.9823;9.84477;866.323;phot
0;7;3244037;0.346203;0;1;36.5466;-124.762;818.823;compt
0;4;3268990;0.340423;0;1;-108.7;-14.6873;908.273;compt
0;7;3268990;0.325643;0;1;10.9849;-110.123;961.852;compt
0;7;3268990;0.325643;0;1;15.1487;-114.02;962.961;phot
0;2;3281335;0.392944;0;1;52.711;-44.6488;457.188;compt
0;3;3281335;0.283972;0;2;46.8679;31.5922;463.941;compt
0;3;3281335;0.283972;0;2;53.256;37.593;462.19;compt
0;3;3281335;0.283972;0;2;50.789;37.2627;464.017;phot
0;7;3292161;0.560918;0;2;-4.57564;-125.628;831.076;compt
0;7;3292161;0.560918;0;2;-5.3338;-126.345;830.914;compt
0;7;3292161;0.560918;0;2;-4.34781;-124.766;831.91;phot
0;3;3292161;0.107323;0;1;35.5346;45.307;446.018;compt
0;4;3312001;0.451381;0;1;-99.2066;-14.2669;907.936;compt
0;7;3312001;0.229017;0;0;-24.1373;-112.822;854.755;phot
0;4;3331232;0.428579;0;1;-103.21;-4.10363;887.781;compt
0;5;3331232;0.280036;0;0;-21.1796;121.338;887.628;phot
0;4;3332104;0.442797;0;5;-128.187;-5.21063;857.214;compt
0;4;3332104;0.442797;0;5;-121.321;5.43871;883.383;compt
0;4;3332104;0.442797;0;5;-119.382;7.26729;884.539;compt
0;4;3332104;0.442797;0;5;-113.845;14.471;895.35;compt
0;4;3332104;0.442797;0;5;-109.452;8.28448;896.061;compt
0;7;3332104;0.21037;0;0;-28.9436;-112.411;889.779;phot
0;5;3362443;0.346677;0;1;-31.1146;121.751;931.33;compt
0;5;3362443;0.346677;0;1;-31.5014;120.183;929.96;phot
0;7;3362443;0.307867;0;1;-23.6952;-112.002;840.9;compt
0;5;3386766;0.465352;0;1;-28.5905;137.26;817.745;compt
0;2;3386766;0.190781;0;1;49.9822;-38.8627;483.581;compt
0;2;3386766;0.190781;0;1;46.9473;-36.5684;481.541;phot
0;4;3419961;0.314102;0;1;-126.712;-34.5021;848.699;compt
0;4;3419961;0.314102;0;1;-126.945;-34.4669;848.972;phot
0;7;3419961;0.358607;0;1;-26.351;-115.202;815.122;compt
0;4;3429687;0.53938;0;3;-114.723;15.641;815.011;compt
0;4;3429687;0.53938;0;3;-109.803;5.38376;831.042;compt
0;4;3429687;0.53938;0;3;-118.936;-5.02946;829.159;compt
0;4;3429687;0.53938;0;3;-118.828;-4.14675;827.069;phot
0;1;3429687;0.0225829;0;1;-54.4556;-47.9843;483.582;compt
0;5;3487423;0.198445;0;1;25.6779;115.093;938.315;compt
0;5;3487423;0.198445;0;1;25.6358;115.263;938.262;phot
0;7;3487423;0.151912;0;2;-34.2718;-130.47;857.543;compt
0;7;3487423;0.151912;0;2;-30.9517;-131.704;860.024;compt
0;7;3494513;0.584268;0;2;-0.660532;-99.4145;850.113;compt
0;7;3494513;0.584268;0;2;-1.65505;-103.562;853.724;compt
0;7;3494513;0.584268;0;2;-0.150387;-103.856;853.013;phot
0;3;3494513;0.0863595;0;1;36.0912;44.2386;465.784;compt
0;4;3544284;0.39925;0;3;-128.263;36.3147;923.661;compt
0;4;3544284;0.39925;0;3;-127.26;34.7666;927.448;compt
0;4;3544284;0.39925;0;3;-118.597;32.7766;937.662;compt
0;4;3544284;0.39925;0;3;-118.706;33.0501;937.62;phot
0;5;3544284;0.236124;0;2;-23.3193;107.863;832.192;compt
0;5;3544284;0.236124;0;2;-24.0036;106.697;833.426;compt
0;5;3551346;0.278755;0;2;-6.77939;117.264;824.761;compt
0;5;3551346;0.278755;0;2;-2.9167;115.454;831.842;compt
0;6;3551346;0.374521;0;0;162.511;12.0745;861.219;phot
0;4;3554378;0.29131;0;1;-104.153;-7.21234;883.843;compt
0;7;3554378;0.353243;0;3;-2.41868;-98.3974;952.229;compt
0;7;3554378;0.353243;0;3;11.2997;-116.912;957.442;compt
0;7;3554378;0.353243;0;3;14.7563;-118.15;962.891;compt
0;7;3554378;0.353243;0;3;15.8438;-114.763;962.016;phot
0;6;3559952;0.0109139;0;1;169.996;-11.6946;839.05;compt
0;3;3559952;0.0325958;0;1;37.4467;37.1001;452.928;compt
0;6;3561505;0.338219;0;2;138.974;-16.8649;887.231;compt
0;6;3561505;0.338219;0;2;141.365;-8.83045;883.711;compt
0;6;3561505;0.338219;0;2;144.064;21.7126;879.235;phot
0;7;3561505;0.263305;0;1;2.71903;-99.0886;835.196;compt
0;6;3570870;0.258977;0;2;105.201;-20.3771;838.527;compt
0;6;3570870;0.258977;0;2;106.941;-17.167;832.088;compt
0;6;3570870;0.258977;0;2;104.184;-19.244;828.619;phot
0;7;3570870;0.39223;0;1;19.2424;-112.231;831.877;compt
0;4;3579871;0.0967509;0;1;-101.35;18.3128;877.72;compt
0;7;3579871;0.319333;0;0;-17.8004;-138.771;833.132;phot
0;6;3692049;0.152657;0;0;144.329;-36.239;894.956;phot
0;7;3692049;0.318187;0;1;8.49842;-105.145;867.233;compt
0;5;3701077;0.380002;0;2;3.86919;105.085;846.719;compt
0;5;3701077;0.380002;0;2;3.39307;99.7515;851.183;compt
0;6;3701077;0.296818;0;1;164.626;21.6955;903.807;compt
0;6;3701077;0.296818;0;1;162.494;22.434;904.021;phot
0;4;3714913;0.141328;0;0;-96.698;5.28824;843.718;phot
0;7;3714913;0.494925;0;2;-2.71967;-96.5385;908.031;compt
0;7;3714913;0.494925;0;2;-2.17355;-99.1347;906.999;compt
0;5;3720082;0.434322;0;1;-16.9976;103.863;882.626;compt
0;7;3720082;0.237805;0;0;1.8944;-99.48;818.289;phot
0;6;3726189;0.372123;0;1;116.594;-32.3052;932.732;compt
0;6;3726189;0.372123;0;1;120.663;-32.9146;927.729;phot
0;7;3726189;0.257215;0;1;-15.4634;-108.907;843.003;compt
0;4;3728269;0.256658;0;1;-125.887;26.9282;840.482;compt
0;5;3728269;0.371901;0;0;23.203;144.951;965.037;phot
0;5;3730850;0.394446;0;0;-5.939;129.563;853.442;phot
0;6;3730850;0.267786;0;2;117.129;5.21738;828.169;compt
0;6;3730850;0.267786;0;2;114.578;7.9961;832.503;compt
0;6;3777756;0.356336;0;1;120.596;-33.3613;867;compt
0;7;3777756;0.293293;0;0;11.6355;-104.476;885.919;phot
0;4;3791587;0.244998;0;1;-110.246;-29.742;824.154;compt
0;4;3791587;0.244998;0;1;-113.139;-27.3908;823.636;phot
0;7;3791587;0.419869;0;1;-31.3985;-123.552;853.286;compt
0;6;3818419;0.289929;0;1;119.568;-2.6165;858.898;compt
0;7;3818419;0.375539;0;2;15.2071;-132.371;951.937;compt
0;7;3818419;0.375539;0;2;15.0162;-134.261;952.723;compt
0;7;3818419;0.375539;0;2;13.2226;-132.698;951.264;phot
0;5;3839661;0.464032;0;4;-26.6362;113.69;848.253;compt
0;5;3839661;0.464032;0;4;-21.478;111.711;878.097;compt
0;5;3839661;0.464032;0;4;-16.1957;111.171;904.711;compt
0;5;3839661;0.464032;0;4;-25.655;117.997;911.746;compt
0;7;3839661;0.168577;0;0;17.5431;-105.909;908.803;phot
0;5;3846493;0.346459;0;2;-11.2441;106.927;815.907;compt
0;5;3846493;0.346459;0;2;11.649;101.751;824.094;compt
0;6;3846493;0.316348;0;3;140.74;26.5586;944.851;compt
0;6;3846493;0.316348;0;3;147.384;22.5656;945.189;compt
0;6;3846493;0.316348;0;3;147.456;24.6866;944.137;compt
0;6;3846493;0.316348;0;3;147.497;24.6299;944.196;phot
0;6;3849419;0.248234;0;2;120.792;-26.0464;826.799;compt
0;6;3849419;0.248234;0;2;120.622;-26.3068;826.587;compt
0;7;3849419;0.159342;0;0;28.6457;-113.745;846.041;phot
0;4;3863276;0.264185;0;0;-106.842;14.3856;814.848;phot
0;7;3863276;0.392436;0;1;-28.0053;-121.142;828.45;compt
0;0;3865685;0.228;0;1;-49.0872;38.0518;451.585;compt
0;0;3865685;0.228;0;1;-49.3658;38.1548;451.449;phot
0;2;3865685;0.39035;0;1;36.6004;-40.719;440.25;compt
0;4;3879238;0.217098;0;0;-110.458;16.3333;958.089;phot
0;6;3879238;0.446829;0;2;108.789;-13.955;866.388;compt
0;6;3879238;0.446829;0;2;108.576;-13.8844;866.335;compt
0;4;3883275;0.529225;0;2;-144.771;15.0043;838.38;compt
0;4;3883275;0.529225;0;2;-153.431;0.0687039;845.757;compt
0;4;3883275;0.529225;0;2;-152.576;0.391541;845.212;phot
0;2;3883275;0.111232;0;1;36.1557;-42.0805;440.378;compt
0;4;3885230;0.0395078;0;1;-145.488;31.9152;852.976;compt
0;2;3885230;0.116174;0;1;35.4598;-49.4268;442.005;compt
0;0;3885690;0.392095;0;2;-44.5497;38.2356;444.977;compt
0;0;3885690;0.392095;0;2;-35.3051;35.5233;446.074;compt
0;2;3885690;0.208035;0;2;31.2474;-44.2106;463.955;compt
0;2;3885690;0.208035;0;2;31.2927;-44.1419;463.996;compt
0;2;3885690;0.208035;0;2;31.5186;-41.1869;463.628;phot
0;6;3894080;0.291843;0;0;118.363;-34.2544;860.712;phot
0;7;3894080;0.359707;0;1;9.65377;-145.496;818.601;compt
0;5;3899762;0.332876;0;1;29.5798;126.643;893.446;compt
0;5;3899762;0.332876;0;1;28.7703;123.441;882.601;phot
0;6;3899762;0.310511;0;1;144.703;36.2297;829.731;compt
0;1;3935879;0.319431;0;1;-46.0877;-40.7071;443.781;compt
0;2;3935879;0.360678;0;0;38.663;-37.4833;479.99;phot
0;5;3936268;0.147814;0;0;20.262;107.802;935.785;phot
0;6;3936268;0.519195;0;4;106.285;23.5761;872.424;compt
0;6;3936268;0.519195;0;4;108.238;22.1968;874.406;compt
0;6;3936268;0.519195;0;4;106.939;20.2772;873.175;compt
0;6;3936268;0.519195;0;4;106.845;20.1874;873.07;compt
0;4;3978609;0.339366;0;2;-111.115;-16.2018;839.769;compt
0;4;3978609;0.339366;0;2;-121.293;3.74328;850.471;compt
0;4;3978609;0.339366;0;2;-124.119;8.27685;854.336;phot
0;7;3978609;0.205513;0;1;-20.3012;-152.888;821.976;compt
0;0;3998843;0.256703;0;2;-51.5449;51.8212;445.4;compt
0;0;3998843;0.256703;0;2;-51.2064;50.1132;444.412;compt
0;1;3998843;0.0186977;0;1;-36.9036;-33.3125;465.562;compt
0;6;4025605;0.559201;0;1;96.5168;-6.00033;963.511;compt
0;6;4025605;0.559201;0;1;99.3679;-0.0427479;965.108;phot
0;4;4026675;0.517704;0;2;-138.693;-30.6221;826.913;compt
0;4;4026675;0.517704;0;2;-130.04;-17.4292;862.78;compt
0;4;4026675;0.517704;0;2;-117.161;-9.39151;866.01;phot
0;1;4026675;0.11601;0;2;-36.2309;-48.8472;472.422;compt
0;1;4026675;0.11601;0;2;-40.4417;-46.4819;480.195;compt
0;4;4046834;0.189416;0;0;-111.758;-9.9785;866.178;phot
0;5;4046834;0.371947;0;1;-17.1151;100.256;962.045;compt
0;6;4060126;0.403074;0;1;155.858;-30.6136;854.148;compt
0;3;4060126;0.0479597;0;1;34.7279;41.8523;464.49;compt
0;5;4116748;0.494254;0;3;25.4944;126.306;819.039;compt
0;5;4116748;0.494254;0;3;35.3017;138.267;826.272;compt
0;5;4116748;0.494254;0;3;35.6997;135.552;827.397;compt
0;7;4116748;0.00854892;0;1;-17.6002;-102.044;818.21;compt
0;0;4174755;0.293636;0;0;-34.8464;45.6504;447.988;phot
0;3;4174755;0.0195031;0;1;35.7173;52.4686;466.318;compt
0;1;4175449;0.228928;0;0;-48.3073;-49.0663;479.781;phot
0;2;4175449;0.0995284;0;1;32.2802;-38.8322;451.804;compt
0;4;4181333;0.176815;0;0;-150.331;-29.5355;953.657;phot
0;7;4181333;0.459311;0;2;21.5484;-103.477;862.247;compt
0;7;4181333;0.459311;0;2;13.9831;-100.843;859.777;compt
0;4;4188445;0.489863;0;3;-101.071;13.4963;898.533;compt
0;4;4188445;0.489863;0;3;-103.544;15.1418;906.121;compt
0;4;4188445;0.489863;0;3;-106.93;9.05396;905.71;compt
0;6;4188445;0.159953;0;0;127.305;36.2055;828.364;phot
0;6;4202426;0.201785;0;1;102.52;19.4061;817.287;compt
0;6;4202426;0.201785;0;1;103.237;19.9009;815.671;phot
0;7;4202426;0.44808;0;1;-11.45;-106.827;852.339;compt
0;4;4212816;0.354222;0;1;-129.281;28.8901;843.883;compt
0;6;4212816;0.291283;0;1;113.957;-12.4142;891.554;compt
0;6;4212816;0.291283;0;1;112.279;-5.70246;891.124;phot
0;1;4217989;0.102512;0;2;-38.8062;-49.7048;470.064;compt
0;1;4217989;0.102512;0;2;-39.4709;-51.318;482.484;compt
0;6;4217989;0.560726;0;0;134.019;-15.1677;853.827;phot
0;5;4218540;0.258909;0;1;23.5367;120.745;835.59;compt
0;6;4218540;0.389776;0;0;153.392;12.1052;940.864;phot
0;4;4222187;0.251366;0;1;-125.939;35.7044;833.918;compt
0;4;4222187;0.251366;0;1;-130.821;32.7165;831.849;phot
0;5;4222187;0.406123;0;2;-0.701618;102.907;860.787;compt
0;5;4222187;0.406123;0;2;-6.90645;104.828;881.809;compt
0;6;4232357;0.332258;0;1;140.055;-13.4529;856.455;compt
0;7;4232357;0.324452;0;2;20.5689;-127.515;919.784;compt
0;7;4232357;0.324452;0;2;18.6808;-121.551;919.131;compt
0;7;4232357;0.324452;0;2;18.6655;-121.23;918.946;phot
0;5;4252607;0.303713;0;0;27.2388;123.435;891.456;phot
0;7;4252607;0.350847;0;1;21.6561;-133.491;831.869;compt
0;5;4317241;0.36986;0;1;-12.3476;103.038;827.307;compt
0;7;4317241;0.289512;0;1;0.0172059;-106.766;842.164;compt
0;7;4317241;0.289512;0;1;9.27127;-116.056;853.168;phot
0;5;4338715;0.33951;0;1;25.6793;132.842;937.899;compt
0;5;4338715;0.33951;0;1;16.0417;138.048;928.499;phot
0;6;4338715;0.321776;0;1;98.032;-9.14109;889.144;compt
0;5;4373220;0.394748;0;2;15.896;130.763;817.838;compt
0;5;4373220;0.394748;0;2;25.0172;119.253;825.41;compt
0;7;4373220;0.129999;0;1;22.759;-111.791;840.267;compt
0;6;4377938;0.272909;0;5;131.894;-19.5089;943.601;compt
0;6;4377938;0.272909;0;5;131.686;-19.2289;943.722;compt
0;6;4377938;0.272909;0;5;127.687;-17.4908;945.219;compt
0;6;4377938;0.272909;0;5;129.32;-15.8718;944.124;compt
0;6;4377938;0.272909;0;5;129.977;-15.8325;943.71;compt
0;6;4377938;0.272909;0;5;128.964;-16.0824;944.91;phot
0;7;4377938;0.240768;0;1;14.1385;-98.8372;959.262;compt
0;4;4403804;0.253297;0;2;-101.893;17.8369;904.665;compt
0;4;4403804;0.253297;0;2;-99.9323;16.0879;904.593;compt
0;5;4403804;0.176613;0;0;-24.3693;106.585;907.459;phot
0;6;4453388;0.374476;0;1;102.314;15.7561;847.278;compt
0;3;4453388;0.0651422;0;2;33.7348;39.4787;458.591;compt
0;3;4453388;0.0651422;0;2;37.3914;41.1936;468.197;compt
0;3;4470800;0.123756;0;1;51.9321;35.4694;440.39;compt
0;7;4476522;0.278469;0;0;-5.44261;-164.435;822.208;phot
0;3;4476522;0.397267;0;2;40.7523;34.4314;477.319;compt
0;3;4476522;0.397267;0;2;45.7222;34.6514;480.476;compt
0;2;4479170;0.00736665;0;1;47.9033;-53.0159;480.805;compt
0;7;4479170;0.624296;0;1;34.9277;-120.65;931.241;compt
0;7;4479170;0.624296;0;1;20.018;-122.391;957.675;phot
0;4;4505800;0.33952;0;1;-134.178;27.6797;949.69;compt
0;4;4505800;0.33952;0;1;-143.724;33.8084;946.301;phot
0;5;4505800;0.332944;0;1;10.6053;135.768;880.023;compt
0;4;4623504;0.416789;0;1;-120.283;26.9977;867.632;compt
0;5;4623504;0.204729;0;1;-30.7198;114.016;819.315;compt
0;5;4623504;0.204729;0;1;-30.8089;113.937;819.335;phot
0;4;4641771;0.377878;0;2;-149.222;15.8179;829.301;compt
0;4;4641771;0.377878;0;2;-112.479;6.40708;861.163;compt
0;6;4641771;0.295006;0;2;98.3682;13.0879;817.626;compt
0;6;4641771;0.295006;0;2;101.435;12.5462;817.48;compt
0;6;4641771;0.295006;0;2;103.711;11.3922;820.898;phot
0;5;4647576;0.447512;0;1;18.3256;103.831;864.881;compt
0;6;4647576;0.104902;0;0;102.409;20.8451;905.643;phot
0;6;4678062;0.352543;0;2;136.631;-29.3453;844.332;compt
0;6;4678062;0.352543;0;2;130.785;-30.3505;848.064;compt
0;7;4678062;0.292131;0;2;-9.23489;-143.716;850.383;compt
0;7;4678062;0.292131;0;2;-11.8555;-146.39;849.357;compt
0;7;4678062;0.292131;0;2;-11.7901;-146.256;849.333;phot
0;1;4708596;0.0370531;0;1;-47.9346;-53.2194;441.154;compt
0;7;4708596;0.649808;0;1;10.6049;-160.352;844.116;compt
0;7;4708596;0.649808;0;1;-9.53141;-153.911;816.685;phot
0;4;4715561;0.359831;0;1;-98.6078;13.6465;890.019;compt
0;4;4715561;0.359831;0;1;-109.633;8.1754;886.618;phot
0;5;4715561;0.310631;0;1;-7.90416;98.8852;838.851;compt
0;5;4717250;0.404537;0;0;13.8794;123.1;932.341;phot
0;6;4717250;0.256476;0;1;111.057;-10.4024;815.212;compt
0;4;4738344;0.545304;0;1;-116.8;30.1274;816.039;compt
0;4;4738344;0.545304;0;1;-116.517;30.0251;815.197;phot
0;2;4738344;0.123115;0;1;33.9102;-40.4733;475.494;compt
0;7;4785185;0.432889;0;0;-14.6022;-112.132;817.327;phot
0;4;4845263;0.36556;0;1;-100.773;-3.68896;818.778;compt
0;7;4845263;0.283793;0;1;-30.8495;-149.905;833.909;compt
0;7;4845263;0.283793;0;1;-31.5528;-149.295;833.509;phot
0;0;4851951;0.0661565;0;1;-39.1163;52.7484;477.52;compt
0;3;4851951;0.454844;0;2;40.0682;43.7054;450.666;compt
0;3;4851951;0.454844;0;2;39.5138;45.1115;450.193;compt
0;6;4858769;0.378648;0;2;113.015;-14.7127;818.826;compt
0;6;4858769;0.378648;0;2;114.494;-18.7937;834.222;compt
0;7;4858769;0.228677;0;0;2.7867;-99.165;876.576;phot
0;2;4901352;0.405917;0;1;50.9267;-35.0612;466.992;compt
0;3;4901352;0.271959;0;0;47.7711;35.3613;461.94;phot
0;4;4918387;0.331564;0;2;-128.764;-24.9291;893.584;compt
0;4;4918387;0.331564;0;2;-113.097;-17.3546;891.029;compt
0;4;4918387;0.331564;0;2;-113.614;-18.464;888.542;phot
0;7;4918387;0.312819;0;1;-18.958;-129.512;828.166;compt
0;7;4921806;0.528525;0;3;2.79624;-158.615;819.739;compt
0;7;4921806;0.528525;0;3;2.65934;-157.698;823.711;compt
0;7;4921806;0.528525;0;3;3.53861;-157.934;823.59;compt
0;7;4921806;0.528525;0;3;2.13219;-162.448;827.295;phot
0;3;4921806;0.144667;0;1;33.5096;45.6208;435.532;compt
0;5;4931903;0.392411;0;1;7.56739;112.835;826.882;compt
0;6;4931903;0.272298;0;3;101.42;15.3474;839.971;compt
0;6;4931903;0.272298;0;3;101.893;14.2319;840.431;compt
0;6;4931903;0.272298;0;3;101.753;13.7597;840.098;compt
0;6;4931903;0.272298;0;3;102.309;10.6109;835.812;phot
0;4;4933315;0.304053;0;1;-129.119;28.0087;843.435;compt
0;5;4933315;0.322362;0;0;-11.3998;101.773;925.901;phot
0;6;4948909;0.664884;0;5;104.927;0.756804;863.375;compt
0;6;4948909;0.664884;0;5;112.925;17.7634;870.202;compt
0;6;4948909;0.664884;0;5;113.05;18.68;870.561;compt
0;6;4948909;0.664884;0;5;112.523;19.1778;870.805;compt
0;6;4948909;0.664884;0;5;110.647;26.4468;863.021;compt
0;6;4948909;0.664884;0;5;115.775;27.1005;871.509;phot
0;2;4948909;0.0260979;0;2;47.5869;-40.8332;463.833;compt
0;2;4948909;0.0260979;0;2;50.0476;-41.9005;475.633;compt
0;4;4992374;0.32171;0;2;-111.453;-7.49715;936.715;compt
0;4;4992374;0.32171;0;2;-121.799;-22.7409;940.997;compt
0;4;4992374;0.32171;0;2;-121.729;-22.4857;940.866;phot
0;6;4992374;0.331759;0;3;147.667;-21.2027;851.401;compt
0;6;4992374;0.331759;0;3;148.102;-25.6077;875.59;compt
0;6;4992374;0.331759;0;3;144.335;-31.2128;883.145;compt
